"Time","SpO2","MCAv","HR"
-99.4412836,98.59375,45.6015625,74.05471039
-98.5712836,98.46875,45.54616928,76.00972748
-97.7562836,98.28125,46.929245,74.98615265
-96.9762836,98.5,46.32003021,71.75408936
-96.1812836,98.25,45.82143021,66.77902222
-95.3462836,98.5,44.76570892,62.28373718
-94.3862836,98.46875,45.26810074,60.82770157
-93.4312836,98.46875,45.26810074,60.76542282
-92.4812836,98.59375,44.15400696,65.11500549
-91.4562836,98.59375,46.24464417,68.3631897
-90.5262836000001,98.3125,46.62861252,69.70911407
-89.6512836000001,98.34375,47.03925323,73.41540527
-88.8362836,98.28125,46.48559189,76.39093018
-86.4012836000001,98.5625,47.31492996,66.46811676
-85.5862836,98.4375,45.73138046,85.32946014
-84.6662836,98.46875,45.26343918,59.6158905
-83.7112836,98.5,45.26343918,61.59286499
-82.7112836,97.59375,45.81062317,64.32281494
-81.7312836,97.34375,45.54032135,64.08229065
-80.7912836,97.5625,45.40960312,68.24333191
-79.8562836,97.59375,44.80392456,72.22779083
-79.0112836,97.3125,47.18317032,74.1491394
-78.1812836,97.34375,47.71816635,72.62660217
-77.3212836,97.5,47.61446381,69.25603485
-76.5112836,97.5625,46.47311783,64.24707794
-75.6412836,97.4375,46.10546875,58.17241669
-74.7062836,97.40625,46.10546875,58.25853729
-73.6812836,97.5,45.08070374,60.04004669
-72.6462835999999,97.46875,45.38394928,61.91462326
-71.6462835999999,97.46875,45.52585602,62.56322479
-70.7262836,97.53125,44.52539063,68.62216187
-69.7612836,97.4375,47.24523544,73.17706299
-68.8762836,97.25,49.16226578,72.71237946
-68.0162836,97.5625,49.44978333,69.96653748
-67.1962836,97.25,47.67856979,60.24520493
-66.3362836,97.5,47.67856979,76.18750763
-65.3462836,97.3125,46.09697723,56.72875977
-64.2862836,97.59375,46.03240204,57.44932556
-63.2362836,97.375,45.94281006,57.9148407
-62.1912836,97.59375,45.88265991,59.57178879
-61.1612836,97.34375,45.59984589,60.99846649
-60.1412836,97.5,45.99730301,66.87892914
-59.2012836,97.40625,47.87407684,71.54823303
-58.2962836,98.46875,49.24646759,70.5998764
-57.4162836,98.4375,50.20586014,94.36360931
-56.5662836,98.625,48.8632431,57.4498024
-55.6812836,98.34375,48.8632431,53.51814651
-54.6412836,98.28125,47.65210342,55.35544586
-53.5162836,98.375,46.85055161,212.8550568
-52.4312836,98.5,46.69579315,80.26930237
-51.3612836,98.34375,47.22365952,61.64146042
-50.3362836,98.375,46.26829529,62.3910408
-49.3562836,97.46875,44.56734848,69.07430267
-48.3962835999999,97.46875,45.29439926,73.22054291
-47.5512836,98.5,47.20302963,72.09514618
-46.7162836,98.4375,48.53289413,103.0772476
-45.8812836,98.28125,46.57087708,60.97146225
-45.0312836000001,98.4375,45.52200699,57.14907837
-44.0562836,98.375,45.52200699,57.99776459
-43.0062836,98.5625,44.37867737,82.31724548
-41.9712836,98.4375,44.75793076,61.42539978
-40.9712836,98.4375,43.53235626,68.4617691
-40.0212835999999,98.59375,45.0286293,71.38694
-39.1162836,98.5,46.68015671,71.5446167
-38.2812836000001,98.25,46.64798737,68.80825043
-37.4412836,97.25,45.50825882,62.17668533
-36.5662836,97.5,44.00104523,57.34094238
-35.6012836,97.21875,44.00104523,59.5789032
-34.5562836,97.59375,44.59375,61.27363205
-33.5462836,97.34375,44.43205261,63.35378647
-32.5762836,97.25,43.49146271,66.46212769
-31.6212836,97.59375,43.54948044,108.7880096
-30.7012836,97.53125,45.63973999,73.55050659
-29.8712836,98.34375,47.58545685,74.46790314
-29.0612836,98.53125,47.6607132,71.10154724
-28.2512836,98.5,45.52561188,61.34831619
-27.4112836,98.5625,44.75,56.71367264
-26.4462836,98.4375,44.75,58.04651642
-25.3912836,98.34375,44.76592636,59.32712173
-24.3462836,98.4375,44.7501564,63.08787918
-23.3412836,98.5625,44.44986725,64.45314789
-22.3912836,98.28125,43.70924759,70.39768219
-21.4562836,98.28125,44.57668686,73.80102539
-18.9912836,98.28125,44.31874847,64.41871643
-18.1512836000001,98.3125,42.69852066,59.02851868
-17.2262836,98.5,42.69852066,58.70500183
-16.2112836,98.53125,42.27895355,59.14852905
-15.1762836,98.28125,42.1394577,59.98550797
-14.1712836,98.53125,42.73671722,61.37382126
-13.1712836,98.5625,42.54378128,66.71405029
-12.1962836,98.5625,43.43462372,73.26663208
-11.2812836000001,98.4375,45.03321457,74.71098328
-10.4762836,98.53125,46.25857544,72.52767181
-9.66628360000004,98.5,45.9777298,101.0236664
-8.84628359999999,98.28125,45.40807724,88.40756226
-7.98628359999998,98.5625,44.33840942,59.9507637
-7.04128360000004,98.40625,44.33840942,61.78312683
-6.06128360000002,98.34375,44.06664658,62.21949768
-5.06628360000002,97.53125,45.65307617,65.87996674
-4.11128359999998,97.28125,45.56176758,69.46027374
-3.20128360000001,97.53125,45.83269882,72.68023682
-2.33128360000001,97.5625,46.21002579,78.03694916
-1.49628359999997,97.34375,47.13982391,77.19403076
-0.741283599999974,97.375,46.00060654,76.17362213
0.0387160000000222,97.53125,44.82214355,69.26641083
0.838715999999977,97.5,42.54155731,63.73762131
1.69371599999999,97.59375,41.32930374,60.4366188
2.62871600000005,97.5625,41.32930374,60.00137329
3.63871600000004,97.5,41.43314743,61.89336014
4.63371600000005,97.25,41.42847824,65.86624146
5.59871599999997,97.5625,42.58407974,66.61963654
6.51871600000004,97.53125,42.7737999,69.33782196
7.40371600000003,97.34375,43.53431702,74.83482361
8.27371600000004,97.25,44.10529327,76.72523499
9.08871599999998,97.375,46.81539917,78.13409424
9.86371599999995,97.53125,47.97996902,76.54433441
10.6287160000001,97.5,46.31127167,67.07557678
11.408716,97.34375,45.21369934,60.63993835
12.293716,97.5625,45.21369934,56.50984955
13.283716,97.3125,44.36910248,59.14480591
14.348716,98.4375,43.92095566,61.63158417
15.358716,98.5625,44.6662941,64.44313049
16.343716,98.46875,44.70861053,64.24421692
17.273716,97.3125,44.79440689,70.60493469
18.168716,97.4375,46.67433167,75.17501831
19.063716,98.5,48.69187927,76.3677597
19.843716,98.28125,48.81814575,71.84175873
20.643716,97.3125,46.95127869,88.36008453
21.478716,97.65625,45.86963272,85.44792175
22.408716,97.5,45.86963272,58.98166656
23.393716,97.34375,44.30056381,59.09682465
24.3987159999999,98.53125,43.91326141,62.02936172
25.4187159999999,98.21875,44.20954895,65.43965149
26.383716,97.59375,46.02640152,69.77085876
27.308716,97.34375,46.39905167,74.18301392
28.173716,97.40625,45.78460693,77.16817474
28.9887160000001,97.3125,48.27491379,81.33239746
29.758716,97.5625,49.85208511,79.96313477
30.4937159999999,97.4375,48.69090652,75.23680878
31.233716,97.4375,46.97882462,65.37283325
32.038716,97.53125,46.16243744,61.0412674
32.9587160000001,97.5,46.16243744,60.00589371
33.9387160000001,97.3125,45.22265625,61.80826569
34.9387160000001,97.34375,45.25531387,63.48210907
35.9087159999999,97.34375,46.04262924,65.53946686
36.8637160000001,97.5625,46.85198212,72.77792358
37.7737159999999,97.375,46.22970963,77.48616791
38.5637160000001,97.3125,47.57727051,81.40576935
39.3637160000001,97.34375,49.82334137,82.23145294
40.1187159999999,97.46875,49.5041275,74.62522125
40.8337160000001,97.5,45.46086502,55.61930466
41.643716,97.3125,45.46086502,79.65206146
42.713716,97.53125,44.57069016,59.16902924
45.7387160000001,97.375,43.78807068,63.17645645
46.7187160000001,97.40625,43.62911224,68.21878815
47.6687159999999,97.28125,43.12868881,74.10417938
48.558716,97.375,44.435112,75.6109314
49.3637160000001,97.34375,46.1619873,75.21868134
50.1487159999999,97.25,45.85123444,103.1618652
50.9387160000001,97.4375,43.42555618,62.15404129
51.768716,97.59375,43.42555618,59.55457687
52.733716,97.25,42.10024643,61.30747986
53.7437159999999,97.53125,41.55965805,62.14217377
54.7287160000001,97.5625,41.80895615,64.19809723
55.693716,97.3125,42.00537491,65.5792923
56.6287159999999,97.3125,42.69186783,66.98873901
57.5437159999999,97.5,40.00813675,70.46917725
58.4487160000001,97.46875,41.45568085,72.99932098
59.2937159999999,97.25,42.49646759,70.75810242
60.1137160000001,97.53125,41.5959816,65.83245087
60.9587160000001,97.28125,40.38646317,60.38165665
61.8687159999999,97.28125,40.38646317,56.74879074
62.8637160000001,97.4375,40.50890732,58.87146759
63.9187159999999,97.25,39.609375,58.93098831
64.943716,98.34375,40.28140259,60.49362946
65.9587160000001,98.25,41.00248718,63.98004532
66.9487160000001,98.34375,41.77444839,70.58483887
67.893716,98.28125,42.82840729,71.92570496
68.7487160000001,98.4375,45.01731873,108.3115997
69.5737160000001,98.28125,44.6361351,66.96080017
70.393716,98.53125,41.67356491,52.67377472
71.338716,98.59375,41.67356491,54.95355606
72.4287159999999,98.375,40.52193069,210.6656036
73.528716,98.34375,40.50747681,59.17240906
74.578716,98.625,40.71067047,59.68824005
75.588716,98.375,40.90345001,61.13449478
76.598716,98.1875,40.87168503,65.14219666
77.5837160000001,98.3125,43.25458908,67.51553345
78.5037159999999,98.28125,45.74541092,98.60437012
79.383716,98.28125,45.37319946,87.96535492
80.268716,98.5,45.37319946,75.99434662
81.2187160000001,98.5,43.89553833,217.4190674
82.278716,98.28125,43.04276276,221.4616394
83.3337160000001,98.34375,43.56204605,59.27464294
84.3687159999999,98.34375,43.28509903,62.76635742
85.3887159999999,98.5,42.97454834,65.97006989
86.348716,98.4375,45.08718872,65.74900818
87.258716,98.46875,46.16368103,64.57113647
88.1587159999999,98.28125,45.1746788,85.72198486
89.088716,98.28125,45.1746788,77.5404129
90.058716,98.5,44.3821907,56.74078369
91.1137160000001,98.40625,43.41706085,58.06027222
92.1687159999999,98.28125,42.65363312,59.08377075
93.2537159999999,98.4375,43.29862976,61.88198471
94.2187160000001,98.46875,43.66127396,66.4887085
95.1987160000001,98.3125,45.89674759,69.65084839
96.1037160000001,98.25,47.2038269,99.37402344
96.963716,98.59375,46.24210739,83.58848572
97.8887159999999,99.28125,46.05302048,79.75070953
98.808716,99.25,46.05302048,57.3080864
99.848716,99.25,44.45166397,59.9490509
100.933716,99.5,45.29187012,66.7559433
101.898716,99.40625,47.00134277,73.28542328
102.793716,99.3125,47.46395874,73.88816833
103.623716,99.25,48.13053894,74.99336243
104.423716,99.3125,48.7522583,71.82069397
105.228716,99.5625,48.20792007,67.13002777
106.048716,99.25,46.94681549,80.16866302
106.948716,99.5625,46.94681549,58.10760117
107.968716,99.25,45.20833206,210.8179474
109.003716,99.53125,45.59587479,60.72829437
110.028716,99.5625,45.86624908,65.89891815
111.023716,99.34375,47.67671204,105.8353577
113.663716,99.34375,49.06359863,80.1993866
114.573716,99.59375,49.06359863,55.29094315
115.568716,99.25,47.66661835,57.16014862
116.653716,99.625,45.23837662,58.85335541
117.708716,99.5,46.41711426,59.32324982
118.733716,99.59375,44.62308502,65.33843994
119.753716,99.25,49.10329437,69.00026703
120.668716,99.5,53.39734268,98.39195251
121.533716,99.5625,53.39734268,69.17806244
122.423716,99.4375,46.38899612,55.49679565
123.553716,99.25,49.16594315,210.4197083
124.633716,99.28125,49.4706955,56.91189575
125.683716,99.34375,48.29298782,60.93981934
126.688716,99.34375,47.81728363,92.44691467
127.683716,99.3125,49.39323044,66.46125031
128.643716,99.28125,49.48083115,85.7576828
129.488716,99.375,49.48083115,53.35041428
130.523716,99.25,49.96681976,55.9678688
131.643716,99.3125,44.97154236,209.965332
132.718716,99.5,49.08490753,59.21899033
133.763716,99.3125,47.65473175,64.5550766
134.738716,99.1875,46.9119606,67.23040771
135.673716,99.25,53.22383499,99.76902008
136.553716,99.28125,53.22383499,92.13119507
137.483716,99.1875,50.42526627,70.46868134
138.403716,99.28125,50.42526627,57.08386993
139.528716,99.5,46.09514618,58.3650589
140.593716,99.34375,50.30529022,60.77442551
141.568716,99.5625,51.91698074,62.20708466
142.563716,99.21875,45.68867874,72.05605316
143.538716,99.3125,48.88999176,76.94582367
144.368716,99.5,51.5785408,81.28575134
145.133716,99.34375,52.6067543,123.5705338
145.873716,99.40625,50.93321609,69.04299164
146.618716,99.28125,48.38816452,60.27066803
147.478716,99.46875,48.38816452,62.19070816
148.473716,99.40625,49.78762817,66.75125885
149.443716,99.25,50.49534988,70.86743927
150.343716,99.5,50.91871262,71.64375305
151.193716,99.4375,52.0992775,76.71403503
152.043716,99.25,53.97367477,79.57683563
152.818716,99.375,57.3286438,78.66596222
153.563716,99.25,57.0228157,112.1578445
154.333716,99.34375,52.3421936,79.73988342
155.148716,99.28125,52.3421936,55.76005554
156.173716,99.28125,51.61065292,56.94365692
157.258716,99.34375,48.70933151,60.08906174
158.308716,99.25,49.50417709,60.96198654
159.318716,99.46875,49.05277252,67.38846588
160.303716,99.4375,50.94363403,73.56610107
161.203716,99.3125,53.92061234,109.0396652
162.018716,99.375,55.45076752,97.80659485
162.838716,99.34375,54.4942627,54.41691208
163.728716,99.53125,54.4942627,53.76908112
164.828716,99.25,49.43899536,211.1254425
165.943716,99.4375,51.26674271,210.9133301
167.058716,99.4375,51.61832428,57.3139801
168.153716,99.53125,51.44493484,60.84621811
169.208716,99.5,52.63457108,68.10199738
170.203716,99.375,55.22224426,70.74475098
171.088716,99.53125,56.98796844,67.80178833
171.978716,99.5,54.5716629,57.37299728
172.858716,99.5,54.5716629,51.9391098
173.898716,99.5,52.09713364,53.26647568
175.053716,99.25,50.77176285,56.62502289
176.168716,99.46875,51.39416122,81.45063019
177.238716,99.3125,51.26010895,63.49917984
178.258716,99.53125,51.56104279,70.58931732
179.173716,99.21875,57.21351624,73.52748108
180.058716,99.59375,56.98176956,103.3520203
183.778716,99.5625,50.46569443,57.29669571
184.848716,99.40625,54.51607895,59.36194229
185.908716,99.40625,49.88017654,60.71866608
186.913716,99.53125,51.95451736,63.17187881
187.908716,99.4375,50.96541977,71.95038605
188.813716,99.28125,53.1205368,112.8853607
189.698716,99.5625,53.94284058,108.2447662
190.503716,99.3125,54.27788544,87.65322876
191.323716,99.53125,52.5153656,71.07848358
192.268716,99.40625,52.5153656,55.07771301
193.368716,99.40625,48.63233566,56.33626175
194.458716,99.59375,49.91824722,78.00045013
195.528716,99.40625,49.55709076,59.96147156
196.518716,99.25,49.07903671,65.76929474
197.538716,99.53125,51.72798157,101.308197
198.438716,99.28125,52.91631317,96.72666168
199.308716,99.5,51.84049988,79.72545624
200.203716,99.59375,51.84049988,53.36135101
201.273716,99.40625,50.35644531,56.70544052
202.378716,99.5,51.00423431,58.43650436
203.448716,99.3125,52.87735748,59.68632889
204.473716,99.375,51.89949799,61.2212677
205.433716,99.40625,51.22182465,103.3249893
206.423716,99.25,56.7313118,108.4446487
207.283716,99.53125,56.7313118,94.66139984
208.173716,99.4375,56.51528168,72.00531769
209.088716,99.28125,52.56093597,50.83767319
210.188716,99.53125,48.97625732,209.0000763
211.363716,99.59375,50.67758179,224.2941284
212.513716,99.3125,49.55805588,208.9158478
213.608716,99.25,49.96448898,59.59523392
214.633716,99.34375,48.78940964,92.36334229
215.648716,99.28125,54.16129303,65.46643829
216.613716,99.5625,54.16129303,83.62030029
217.528716,99.25,50.22929382,64.23488617
218.528716,99.25,49.06632233,213.1040497
219.738716,99.40625,49.78554535,200.3132629
220.913716,99.25,51.33783722,215.6677704
222.068716,99.5625,47.42981339,214.7363892
223.173716,99.5625,49.12049484,62.97463226
224.238716,99.40625,52.31352997,97.92351532
225.208716,99.25,54.73464203,100.0256958
226.093716,99.53125,56.1302948,80.4259491
226.973716,99.59375,56.1302948,53.58650208
227.998716,99.5,51.9943428,54.74202347
229.123716,99.4375,50.69449234,208.4774323
230.218716,99.28125,50.42946243,59.99066925
231.263716,99.375,47.30632019,65.42159271
232.253716,99.5625,48.75,70.76033783
233.178716,99.28125,51.71206665,74.96807861
234.023716,99.40625,52.24946594,104.4623718
234.818716,99.28125,48.25814438,74.10896301
235.678716,99.5,48.25814438,206.6278687
236.758716,99.5,48.84333038,56.46126938
237.843716,99.34375,47.98843002,59.03265381
238.913716,99.28125,48.70848465,85.90094757
239.933716,99.53125,48.28517532,68.81047821
240.878716,99.5625,53.34690475,73.53766632
241.758716,99.59375,53.34690475,114.9880524
242.603716,99.3125,53.21556473,91.67982483
243.413716,99.53125,50.09784317,52.77119446
244.333716,99.5,50.09784317,56.87145615
245.473716,99.25,49.87322235,59.99764633
246.528716,99.40625,49.85622025,62.18392563
247.538716,99.25,49.2687149,67.89935303
248.448716,99.40625,49.2687149,70.4944458
249.343716,99.53125,51.60927963,109.1084595
250.188716,99.375,51.67486954,90.76304626
251.013716,99.4375,51.67486954,76.72273254
251.988716,99.40625,48.25273132,57.9059906
255.048716,99.53125,50.72559738,70.63904572
255.923716,99.25,48.99452209,73.11064911
256.768716,99.5,52.07567596,112.7812271
257.588716,99.34375,51.09777069,97.21250153
258.388716,99.3125,49.40814972,75.15132141
259.278716,99.53125,49.40814972,58.19206238
260.343716,99.59375,50.1206398,61.07962799
261.383716,99.625,49.62467957,64.3501358
262.368716,99.5625,50.27352142,71.28938293
263.313716,99.40625,51.85968399,75.26889038
264.168716,99.5625,58.57387924,76.91652679
264.953716,99.5,56.73079681,105.7528687
265.723716,99.21875,56.73079681,70.9643631
266.558716,99.4375,51.68434525,56.73410416
267.728716,99.5625,52.98958206,58.23844528
268.743716,99.53125,52.04233551,60.16683197
269.773716,99.40625,49.33571243,61.98723221
270.778716,99.34375,52.06644821,69.87016296
271.748716,99.28125,56.23039627,74.38355255
272.623716,99.5,61.51885605,76.4305954
273.413716,99.3125,61.39440155,99.57878876
274.253716,99.3125,61.39440155,51.44024658
275.128716,99.5625,56.6006012,54.62943268
276.288716,99.5625,58.50840759,53.72993088
277.398716,99.40625,56.73409653,56.31119156
278.508716,99.25,53.09020233,60.68920135
279.583716,99.5,56.60634232,71.42811584
280.528716,99.53125,57.85069275,77.61588287
281.378716,99.4375,62.87767792,78.73420715
282.198716,99.3125,59.3225441,100.1692276
282.948716,99.28125,59.3225441,52.84650803
283.788716,99.25,51.85560226,55.59311295
284.918716,99.375,53.62057495,56.21878052
285.998716,99.34375,49.75748825,56.84446335
287.068716,99.25,50.9090004,63.52032852
288.088716,99.53125,50.43013763,70.8368454
289.038716,99.34375,54.34128952,107.4626617
289.878716,99.25,55.2396431,99.87483978
290.748716,99.28125,51.27599716,52.52509689
291.608716,99.5,51.27599716,57.90828323
292.748716,99.34375,52.61619568,60.73287201
293.793716,99.53125,53.14349365,62.11794662
294.738716,99.53125,52.15798569,70.46089172
295.713716,99.5,56.70296097,116.2110367
296.563716,99.375,56.70296097,75.5905838
297.348716,99.3125,56.42907333,56.01945114
298.143716,99.34375,56.42907333,58.74475098
299.253716,99.21875,55.11944199,59.07847595
300.228716,99.40625,54.93021774,59.28290558
301.298716,99.5625,53.61906433,62.17182922
302.258716,99.53125,51.33071136,68.79279327
303.233716,99.5,55.01211166,111.7492447
304.113716,99.5,59.02766037,95.46331024
304.933716,99.25,59.02766037,71.44334412
305.813716,99.28125,54.01164627,58.35501862
306.938716,99.59375,55.83492661,60.00348663
307.973716,99.34375,55.87133408,85.43764496
308.983716,99.3125,52.0357132,66.32793427
309.988716,99.4375,57.7592659,72.66949463
310.898716,99.53125,57.7592659,116.594696
311.718716,99.25,59.84706116,100.1182556
312.548716,99.46875,61.2455368,51.75621033
313.393716,99.40625,54.71509171,55.27929306
314.478716,99.28125,59.16358185,220.237915
315.638716,99.28125,56.09553528,56.92602158
316.623716,99.21875,52.09918594,61.26057816
317.683716,99.5625,53.11522293,69.51982117
318.673716,99.375,55.13129044,76.28843689
319.533716,99.4375,59.40428543,116.0937881
320.313716,99.375,59.40428543,68.04219818
323.328716,99.25,53.01144409,56.40158463
324.378716,99.46875,49.2111969,61.3972168
325.453716,99.5,52.38115692,68.66104126
326.438716,99.34375,55.37935257,113.4912186
327.308716,99.53125,60.02216721,102.3450699
328.098716,99.46875,60.02216721,66.51142883
329.013716,99.53125,53.92804337,55.49157333
330.168716,99.25,54.80450821,212.3977814
331.258716,99.4375,51.82516861,56.86146927
332.273716,99.3125,53.27336502,62.31777954
333.343716,99.34375,51.01538086,68.25862122
334.303716,99.28125,55.66201019,101.3587418
335.178716,99.40625,53.91091919,68.03305817
336.043716,99.4375,53.91091919,56.03267288
337.188716,99.5,48.64525223,201.9499969
338.323716,99.4375,52.433815,61.53630447
339.378716,99.34375,51.6741066,70.18598175
340.313716,99.25,55.2853775,117.9404831
341.168716,99.25,58.34455109,100.4888077
342.003716,99.5,50.64359665,51.9078598
342.838716,99.4375,50.64359665,56.86981583
343.993716,99.28125,53.33583069,204.698288
345.008716,99.28125,53.2743721,60.50248337
346.043716,99.40625,51.84582138,69.29183197
347.053716,99.59375,57.23497391,75.60816193
347.923716,99.4375,57.23497391,78.81720734
348.758716,99.53125,62.96195602,100.7537918
349.518716,99.53125,62.96195602,56.08681107
350.383716,99.4375,57.50303268,59.82148361
351.448716,99.3125,57.98576736,62.92091751
352.458716,99.28125,57.33003998,65.8651886
353.368716,99.3125,56.0165329,71.91706085
354.288716,99.34375,59.17050171,116.4420242
355.178716,99.25,59.42383957,112.2924957
355.978716,99.28125,54.8476944,55.81102753
356.793716,99.1875,54.8476944,59.52740097
357.848716,99.3125,54.57404709,61.83908463
358.868716,99.46875,52.49125671,62.45183182
359.783716,99.4375,53.03024673,69.29479218
360.758716,99.625,55.75280762,74.60713959
361.618716,99.28125,56.64305878,113.5093002
362.423716,99.53125,54.233284,55.7845459
363.218716,99.21875,54.233284,59.58958054
364.288716,99.40625,56.73824692,61.83959198
365.303716,99.5,54.70272446,63.23713684
366.273716,99.3125,50.20710373,68.74153137
367.233716,99.34375,57.45484161,116.0672989
368.113716,99.28125,58.4317131,116.6366653
368.903716,99.5,56.23575211,88.12056732
369.693716,99.375,56.23575211,57.81400681
370.643716,99.28125,54.70221329,61.18774414
371.753716,99.40625,55.03299332,63.98558426
372.673716,99.34375,55.61224365,66.74365234
373.613716,99.375,56.02839279,73.8245163
374.528716,99.5,56.02839279,78.82597351
375.383716,99.59375,59.56888199,79.62799072
376.148716,99.28125,59.65766907,67.78739929
376.893716,99.40625,59.65766907,53.78103638
377.773716,99.375,55.75511551,59.75482559
378.893716,99.34375,55.70537949,60.99910355
379.898716,99.34375,53.74930954,62.33446503
380.893716,99.375,53.03502274,70.58883667
381.803716,99.28125,56.55369949,76.47008514
382.658716,99.375,57.4821701,120.4988861
383.438716,99.4375,56.06147385,94.17188263
384.208716,99.59375,56.06147385,53.22230148
385.128716,99.5625,50.55721283,58.66307449
386.238716,99.4375,52.95546341,60.21294785
387.278716,99.4375,53.40440369,65.61496735
388.278716,99.34375,53.08288193,74.01420593
390.833716,99.53125,52.40362167,69.4540863
391.638716,99.40625,52.40362167,57.93262482
392.748716,99.25,55.74778748,58.03884125
393.798716,99.34375,53.86396027,57.99803543
394.833716,99.53125,53.06413651,63.51874924
395.813716,99.28125,52.55452347,105.9868774
396.818716,99.5,57.00185013,108.0245132
397.603716,99.34375,53.80002975,53.14901352
398.488716,99.53125,53.80002975,57.97467422
399.608716,99.53125,54.6970253,57.98334885
400.658716,99.53125,56.72302246,59.05522156
401.683716,99.4375,51.22034836,64.60630035
402.703716,99.40625,53.02163315,70.37519073
403.593716,99.5625,57.20998383,113.282814
404.488716,99.5,59.93542862,99.31349182
405.298716,99.53125,59.93542862,64.49239349
406.168716,99.53125,52.68388367,54.33723831
407.348716,99.3125,56.77239227,56.16891098
408.463716,99.4375,55.21788406,59.55503845
409.533716,99.25,52.26189804,67.9956131
410.538716,99.53125,54.86106873,74.49520111
411.398716,99.28125,62.90901184,120.5128098
412.243716,99.5625,64.50474548,115.803421
413.008716,99.46875,58.14830017,51.66444016
413.798716,99.21875,58.14830017,55.10305023
414.938716,99.59375,57.36578369,211.9877167
416.038716,99.28125,55.28894043,56.13895416
417.123716,99.5,55.26438904,58.18964005
418.198716,99.25,54.07208252,71.96295929
419.193716,99.5,59.70913315,73.8303299
420.073716,99.5,61.03863525,73.12275696
420.878716,99.28125,56.69842529,53.46790695
421.693716,99.3125,56.69842529,56.44392395
422.808716,99.40625,53.35709381,56.37977982
423.883716,99.5625,56.62070847,57.25029755
424.938716,99.53125,53.04112625,62.92874527
425.943716,99.28125,53.92227936,69.65100098
426.908716,99.53125,59.04209518,79.573349
427.753716,99.4375,57.18795776,116.2688446
428.588716,99.53125,56.54054642,87.77338409
429.353716,99.46875,56.54054642,54.02129364
430.313716,99.40625,54.83124924,58.55649567
431.408716,99.3125,55.91561127,58.41566086
432.453716,99.375,53.51603699,83.24855804
433.433716,99.4375,55.12147903,70.52142334
434.448716,99.3125,57.01968384,76.79867554
435.293716,99.40625,59.88194275,77.20056152
436.073716,99.4375,59.57766342,70.9201889
436.848716,99.28125,59.01301956,65.54949188
437.693716,99.40625,59.01301956,57.62776947
438.603716,99.5,57.72738266,59.92911911
439.638716,99.3125,56.65171814,68.22689056
440.648716,99.28125,58.52207947,75.03842926
441.528716,99.25,57.28362274,116.8641357
442.333716,99.4375,58.47222137,79.97029877
443.118716,99.3125,56.91479492,83.77135468
443.883716,99.5,60.65733337,86.96872711
444.593716,99.28125,61.96212006,86.14894867
445.288716,99.25,62.78723526,83.6314621
445.978716,99.40625,61.30790329,69.48325348
446.693716,99.5,59.6014061,61.77498245
447.543716,99.25,59.6014061,65.598526
448.523716,99.5,58.64027786,67.71315765
449.443716,99.4375,57.15891647,72.87465668
450.333716,99.5,57.11676407,80.69837952
451.168716,99.1875,62.53199768,83.93267059
451.903716,99.28125,60.42485046,81.42023468
452.618716,99.34375,62.71279907,70.89839172
453.348716,99.53125,62.71279907,55.15138626
454.188716,99.53125,59.02599716,59.34917831
457.303716,99.34375,56.56932449,60.98452759
458.303716,99.375,58.45241165,69.44884491
459.298716,99.34375,63.11526108,79.78903961
460.163716,99.375,66.53832245,79.08965302
460.913716,99.25,64.5368042,108.9694443
461.658716,99.3125,62.56704712,73.31801605
462.478716,99.53125,62.56704712,58.32449341
463.568716,99.28125,64.23666382,60.80908966
464.603716,99.375,61.35732269,62.88454437
465.593716,99.25,59.98857498,64.71928406
466.558716,99.53125,58.0801239,116.7932816
467.493716,99.5625,64.10346985,82.92022705
468.283716,99.375,64.57978821,78.99491119
469.008716,99.375,61.89070892,88.10562897
469.763716,99.375,61.89070892,55.58780289
470.698716,99.28125,61.63442993,57.88978195
471.778716,99.21875,59.33379364,59.93964005
472.823716,99.5,58.77544022,61.1015625
473.833716,99.3125,55.68912506,70.56375885
474.823716,99.53125,66.29570007,79.96887207
475.673716,99.25,66.31270599,123.2826233
476.418716,99.25,63.49820709,75.25428772
477.248716,99.34375,63.49820709,59.64273071
478.288716,99.5,63.6239624,59.59811401
479.248716,99.40625,61.0904007,60.65657043
480.313716,99.34375,59.20934296,65.29844666
481.243716,99.25,56.61318588,71.86932373
482.188716,99.34375,60.2269249,124.5545807
483.073716,99.40625,63.75679398,112.7741318
483.828716,99.375,58.89048004,54.42296219
484.613716,99.40625,58.89048004,59.8440094
485.703716,99.59375,60.73683548,59.90810013
486.718716,99.59375,57.10349655,83.44438934
487.718716,99.5,51.78901672,66.87982178
488.673716,99.375,57.69677353,76.65195465
489.623716,99.59375,62.86914063,120.1845245
490.403716,99.28125,61.63508606,114.8643188
491.178716,99.3125,57.47704697,69.54349518
491.973716,99.40625,57.47704697,57.9125824
493.078716,99.53125,55.02049637,58.02613831
494.068716,99.25,59.87787628,60.26276016
495.128716,99.5625,53.39488602,66.21351624
496.138716,99.34375,58.11917877,74.41350555
497.048716,99.5625,58.72273636,129.3872528
497.868716,99.25,62.60016632,82.99225616
498.603716,99.25,65.34223175,81.67518616
499.328716,99.53125,63.70276642,68.47460175
500.068716,99.3125,59.06726456,52.86441422
500.923716,99.25,59.06726456,57.74259949
502.053716,99.28125,61.02323532,60.26237869
503.103716,99.53125,59.61831284,64.55452728
504.103716,99.5,56.67178345,74.55155182
505.053716,99.25,64.19425964,80.07339478
505.868716,99.21875,67.58205414,129.8479462
506.613716,99.28125,65.0041275,106.5101624
507.348716,99.25,60.47714615,52.42918777
508.178716,99.4375,60.47714615,55.194561
509.303716,99.4375,60.31095123,208.2865295
510.403716,99.28125,58.32389069,57.25933838
511.463716,99.4375,57.72839737,65.74505615
512.528716,99.53125,58.09709167,74.71135712
513.438716,99.3125,62.64324951,124.2575989
514.243716,99.40625,64.10264587,110.7807617
515.003716,99.34375,62.25087738,53.04644394
515.823716,99.4375,62.25087738,58.23276901
516.943716,99.4375,60.54176712,58.54316711
517.973716,99.25,61.2941246,59.0210495
519.003716,99.40625,54.69346237,69.00935364
520.023716,99.4375,59.54999924,78.14633179
520.898716,99.4375,62.65076065,80.2065506
524.298716,99.53125,58.94034195,59.88250732
525.333716,99.25,60.39775467,60.62768555
526.338716,99.5,54.70942688,71.83760834
527.338716,99.53125,59.02569962,80.06645966
528.178716,99.5625,64.88431549,133.938858
528.923716,99.4375,64.30924225,82.18777466
529.643716,99.5,60.2005043,68.69877625
530.358716,99.28125,60.62630844,55.89868927
531.228716,99.375,60.62630844,60.88835907
532.288716,99.375,58.34422302,62.96045303
533.283716,99.5,57.06891632,66.43170166
534.243716,99.5625,56.36709213,73.73007965
535.153716,99.5,58.81809998,78.92745209
535.928716,99.34375,59.71743774,83.13028717
536.728716,99.375,59.83911896,81.66724396
537.448716,99.34375,61.47635651,78.40919495
538.173716,99.34375,60.6567421,95.27220917
538.933716,99.34375,60.6567421,57.75318909
539.828716,99.4375,59.28180695,61.37044907
540.868716,99.46875,58.18393707,65.39781952
541.858716,99.5,57.02972412,75.20913696
542.783716,99.3125,59.76138306,81.60164642
543.578716,99.5625,62.48112106,83.98648834
544.308716,99.53125,65.21920776,87.68269348
545.028716,99.5,69.28726196,85.70550537
545.708716,99.5,64.8576355,123.8301239
546.403716,99.625,62.89818954,56.42531586
547.158716,99.25,62.89818954,60.78788757
548.208716,99.3125,63.64129257,61.73925018
549.208716,99.28125,61.29161072,62.85783768
550.178716,99.5,57.36893845,65.01532745
551.133716,99.5,59.79996109,76.92212677
552.018716,99.5,63.58380508,83.84941101
552.853716,99.4375,65.54614258,137.9986572
553.563716,99.5625,69.7589035,82.10538483
554.268716,99.5625,61.07184601,54.53958511
554.993716,99.40625,61.07184601,58.23779678
556.078716,99.34375,62.38928604,58.86457825
557.113716,99.34375,62.76046753,59.8382225
558.143716,99.25,59.70573044,62.60449219
559.148716,99.59375,56.6829834,75.77953339
560.053716,99.5,66.29311371,132.4978333
560.848716,99.21875,66.34899902,82.00719452
561.633716,99.3125,60.77664566,76.81310272
562.358716,99.40625,60.77664566,60.95367432
563.388716,99.59375,64.55121613,61.8159523
564.383716,99.28125,62.63141632,61.3851738
565.368716,99.1875,59.94618988,68.88108826
566.343716,99.34375,62.43335724,76.60943604
567.208716,99.25,62.89701843,82.58306122
568.003716,99.4375,66.1890564,119.7546997
568.728716,99.28125,56.53717804,54.55854034
569.483716,99.46875,56.53717804,59.39912033
570.563716,99.40625,60.63119125,61.66808701
571.513716,99.1875,60.33367538,62.09534454
572.503716,99.40625,56.5903511,66.4571228
573.468716,99.5,54.23712158,78.49446869
574.388716,99.5,63.40372849,83.03511047
575.148716,99.53125,64.28240967,82.68917084
575.863716,99.40625,63.91725922,69.36392975
576.578716,99.28125,63.91725922,53.35966492
577.433716,99.25,56.82336426,58.77595139
578.558716,99.5,61.60766983,61.61220169
579.588716,99.5,57.07627106,61.57730865
580.568716,99.3125,55.53498459,68.61901093
581.553716,99.21875,60.62260818,73.66769409
582.428716,99.5,60.62260818,113.1217804
583.238716,99.5625,62.26193237,73.98957062
584.088716,99.34375,59.00345612,57.79734421
585.163716,99.3125,58.98983383,58.90266418
588.173716,99.5,56.8338356,71.94792938
589.123716,99.28125,61.6620369,79.85488129
589.958716,99.59375,64.30741882,119.8686829
590.773716,99.5,60.5135231,92.39066315
591.528716,99.40625,58.83162689,53.75236511
592.438716,99.5625,58.83162689,60.15777969
593.553716,99.3125,60.50665665,63.17374039
594.548716,99.375,58.17899323,67.64844513
595.443716,99.25,59.61769867,75.25007629
596.348716,99.28125,57.40058899,132.3809357
597.203716,99.28125,66.17622375,84.15435028
597.943716,99.53125,62.66245651,301.769104
598.648716,99.5,60.35877228,57.68971252
599.418716,99.25,60.35877228,72.27935791
600.453716,99.40625,58.96999359,68.00386047
601.288716,99.5,58.96999359,79.89386749
602.188716,99.34375,58.06521606,392.9902039
602.948716,99.28125,61.81023788,87.67514038
603.693716,99.4375,56.29995346,76.48252869
604.328716,99.53125,52.52929688,76.48252869
605.048716,99.5,54.23075485,81.9905014
605.908716,99.28125,54.25498962,85.16401672
606.583716,99.5625,50.58680725,84.83625031
607.278716,99.5,51.10091019,87.1974411
607.928716,99.53125,46.90343094,90.83779144
608.618716,99.3125,48.09573364,91.43641663
609.293716,99.34375,48.55841446,95.27429199
609.923716,99.28125,50.10360718,95.73067474
610.578716,99.34375,46.20942688,96.33264923
611.203716,99.21875,44.95107651,96.93317413
611.838716,99.46875,44.64984512,96.65655518
612.463716,99.53125,45.92987061,93.37273407
613.068716,99.3125,43.05109024,92.26685333
613.688716,99.5625,39.56060791,91.63374329
614.333716,99.34375,36.72039413,91.63374329
614.978716,99.4375,33.86343384,95.02721405
615.658716,99.375,34.74274826,96.60520172
616.298716,99.40625,39.18216324,92.4783783
616.983716,99.53125,40.61540222,89.45671844
617.528716,99.59375,41.6328125,89.45671844
618.163716,99.28125,40.43844604,90.90485382
618.838716,99.40625,40.3313942,92.278862
619.563716,99.34375,40.18635178,88.04544067
620.203716,99.34375,39.47104645,88.04544067
620.873716,99.53125,37.79182434,89.80739594
621.568716,99.5625,36.52709961,83.36276245
622.233716,99.5,35.71022797,85.28282166
622.943716,99.5,34.27740097,86.49266052
623.613716,99.25,35.45382309,89.92401886
624.358716,99.34375,35.13498306,81.97440338
624.978716,99.5,34.75608063,81.2618866
625.708716,99.25,34.13489151,86.17063904
626.448716,99.625,32.72924423,88.02662659
627.143716,99.5,33.95499039,89.66699982
627.838716,99.3125,33.82765961,88.05728149
628.503716,99.40625,32.35364151,85.55914307
629.163716,99.40625,31.34506989,84.86777496
629.853716,99.25,31.10610962,91.05813599
630.618716,99.5,30.29543304,88.02694702
631.218716,99.59375,31.35161972,88.02694702
631.868716,99.28125,31.41197205,85.87992096
632.538716,99.5625,30.71058846,88.47392273
633.248716,99.53125,31.22741699,87.76467896
633.918716,99.3125,30.859375,85.72055054
634.598716,99.3125,31.43515015,91.19104767
635.298716,99.53125,31.15147972,90.81944275
635.973716,99.28125,31.13461494,91.69319153
636.623716,99.34375,31.75362396,88.23070526
637.278716,99.25,30.91118431,90.35929108
637.958716,99.3125,31.1809597,92.01468658
639.938716,99.5,32.30437851,94.54129028
640.598716,99.34375,33.26612091,92.96310425
641.238716,99.28125,33.2182579,92.38952637
641.863716,99.34375,33.20682144,92.38952637
642.498716,99.53125,32.27864456,92.0822525
643.148716,99.34375,31.84565926,92.45320129
643.808716,99.375,32.23049927,93.92220306
644.458716,99.625,33.72317886,95.79844666
645.098716,99.5625,33.98090363,97.54873657
645.738716,99.59375,32.56700134,98.60096741
646.353716,99.5,31.88610458,98.60336304
647.033716,99.5,32.12372971,99.9645462
647.648716,99.34375,33.01969528,102.498024
648.253716,99.3125,33.43640518,98.62854004
648.858716,99.5625,33.85811615,93.30242157
649.433716,99.5,31.57202148,86.09390259
650.048716,99.375,30.58183479,86.09390259
650.633716,99.5,30.44706726,82.10486603
651.383716,99.34375,32.02745438,86.83946991
652.108716,99.5,32.61245346,86.44194794
652.768716,99.40625,32.79084778,85.39585876
653.503716,99.25,33.31540298,85.79466248
654.203716,99.5,32.14416122,87.50208282
654.913716,99.5,32.2072258,86.05457306
655.598716,99.25,31.28616142,84.0262146
656.288716,99.28125,32.22594452,89.11175537
657.003716,99.5625,31.37756538,88.18268585
657.633716,99.40625,32.04226685,85.71478271
658.353716,99.375,32.05347824,83.85868835
659.063716,99.25,32.66973877,87.40976715
659.773716,99.34375,32.91807938,84.60771942
660.408716,99.375,33.65476227,82.93536377
661.158716,99.28125,33.467659,85.13864136
661.883716,99.59375,32.01472092,85.68527222
662.598716,99.28125,33.47234726,86.86394501
663.293716,99.40625,33.93961334,89.68884277
663.983716,99.25,34.24794769,87.48849487
664.598716,99.28125,33.18974686,86.19552612
665.288716,99.3125,33.4235611,87.2484436
665.983716,99.25,33.66299438,85.70994568
666.668716,99.5,34.69094849,82.49799347
667.368716,99.28125,34.74954987,85.78442383
668.088716,99.25,34.19571304,88.0746994
668.788716,99.53125,33.33270645,89.98477936
669.473716,99.34375,31.86677551,90.77005005
670.138716,99.40625,32.29440689,90.85263824
670.808716,99.21875,33.24120331,88.17480469
671.458716,98.46875,31.62068939,81.96955872
672.138716,98.5,32.23923111,81.63402557
672.868716,98.625,32.7621994,82.12298584
673.608716,98.21875,34.18435287,80.12808228
674.338716,99.375,35.2036438,81.269104
675.083716,99.5,34.46770859,79.43014526
675.833716,99.28125,35.75179291,75.72576904
676.578716,99.40625,37.24419022,77.80194092
677.373716,99.53125,37.1875,79.17608643
678.153716,99.28125,36.9561348,109.5485992
678.903716,99.3125,37.25801849,79.53951263
679.698716,99.40625,36.88162231,78.63507843
680.468716,99.5625,36.4453125,70.6427536
681.223716,99.3125,37.66920853,74.9523468
682.073716,98.25,37.11645889,74.1388855
682.873716,98.28125,37.28989029,70.71523285
683.683716,98.4375,37.32227707,74.26241302
684.538716,98.34375,37.26242065,76.50932312
685.348716,98.5,38.70458221,81.33990479
686.138716,98.34375,39.34574127,74.99626923
686.903716,98.40625,37.29602432,72.54599762
687.683716,98.4375,34.54141235,74.01747131
688.513716,98.25,33.01250076,76.51740265
692.268716,99.5,40.98291016,94.23205566
692.908716,99.5,43.74491119,95.06652832
693.548716,99.53125,44.02033615,92.56397247
694.188716,99.5,43.27246094,92.30489349
694.818716,99.28125,40.57470703,89.86634827
695.458716,99.28125,37.97541428,89.86634827
696.103716,99.4375,34.36157608,80.20170593
696.773716,99.5625,33.28288269,78.17906952
697.518716,99.5625,34.29809189,79.69062042
698.288716,99.28125,33.44416809,71.09296417
699.048716,99.34375,34.85731506,66.44447327
699.883716,98.3125,35.63263702,67.50627136
NA,NA,NA,NA
NA,NA,NA,NA
NA,NA,NA,NA
NA,NA,NA,NA
NA,NA,NA,NA
NA,NA,NA,NA
NA,NA,NA,NA
NA,NA,NA,NA
NA,NA,NA,NA
NA,NA,NA,NA
NA,NA,NA,NA
NA,NA,NA,NA
NA,NA,NA,NA
NA,NA,NA,NA
NA,NA,NA,NA
NA,NA,NA,NA
NA,NA,NA,NA
NA,NA,NA,NA
NA,NA,NA,NA
NA,NA,NA,NA
NA,NA,NA,NA
NA,NA,NA,NA
NA,NA,NA,NA
NA,NA,NA,NA
NA,NA,NA,NA
NA,NA,NA,NA
NA,NA,NA,NA
NA,NA,NA,NA
NA,NA,NA,NA
NA,NA,NA,NA
NA,NA,NA,NA
NA,NA,NA,NA
NA,NA,NA,NA
NA,NA,NA,NA
NA,NA,NA,NA
NA,NA,NA,NA
NA,NA,NA,NA
NA,NA,NA,NA
NA,NA,NA,NA
NA,NA,NA,NA
NA,NA,NA,NA
NA,NA,NA,NA
NA,NA,NA,NA
NA,NA,NA,NA
NA,NA,NA,NA
NA,NA,NA,NA
NA,NA,NA,NA
NA,NA,NA,NA
NA,NA,NA,NA
NA,NA,NA,NA
NA,NA,NA,NA
NA,NA,NA,NA
NA,NA,NA,NA
NA,NA,NA,NA
NA,NA,NA,NA
NA,NA,NA,NA
NA,NA,NA,NA
NA,NA,NA,NA
NA,NA,NA,NA
NA,NA,NA,NA
NA,NA,NA,NA
NA,NA,NA,NA
NA,NA,NA,NA
NA,NA,NA,NA
NA,NA,NA,NA
NA,NA,NA,NA
NA,NA,NA,NA
NA,NA,NA,NA
NA,NA,NA,NA
NA,NA,NA,NA
NA,NA,NA,NA
NA,NA,NA,NA
NA,NA,NA,NA
NA,NA,NA,NA
NA,NA,NA,NA
NA,NA,NA,NA
NA,NA,NA,NA
NA,NA,NA,NA
NA,NA,NA,NA
NA,NA,NA,NA
NA,NA,NA,NA
NA,NA,NA,NA
NA,NA,NA,NA
NA,NA,NA,NA
NA,NA,NA,NA
NA,NA,NA,NA
NA,NA,NA,NA
NA,NA,NA,NA
NA,NA,NA,NA
NA,NA,NA,NA
NA,NA,NA,NA
NA,NA,NA,NA
NA,NA,NA,NA
NA,NA,NA,NA
NA,NA,NA,NA
NA,NA,NA,NA
NA,NA,NA,NA
NA,NA,NA,NA
NA,NA,NA,NA
NA,NA,NA,NA
NA,NA,NA,NA
NA,NA,NA,NA
NA,NA,NA,NA
NA,NA,NA,NA
NA,NA,NA,NA
NA,NA,NA,NA
NA,NA,NA,NA
NA,NA,NA,NA
NA,NA,NA,NA
NA,NA,NA,NA
NA,NA,NA,NA
NA,NA,NA,NA
NA,NA,NA,NA
NA,NA,NA,NA
NA,NA,NA,NA
NA,NA,NA,NA
NA,NA,NA,NA
NA,NA,NA,NA
NA,NA,NA,NA
NA,NA,NA,NA
NA,NA,NA,NA
NA,NA,NA,NA
NA,NA,NA,NA
NA,NA,NA,NA
NA,NA,NA,NA
NA,NA,NA,NA
NA,NA,NA,NA
NA,NA,NA,NA
NA,NA,NA,NA
NA,NA,NA,NA
NA,NA,NA,NA
NA,NA,NA,NA
NA,NA,NA,NA
NA,NA,NA,NA
NA,NA,NA,NA
NA,NA,NA,NA
NA,NA,NA,NA
NA,NA,NA,NA
NA,NA,NA,NA
NA,NA,NA,NA
NA,NA,NA,NA
NA,NA,NA,NA
NA,NA,NA,NA
NA,NA,NA,NA
NA,NA,NA,NA
NA,NA,NA,NA
NA,NA,NA,NA
NA,NA,NA,NA
NA,NA,NA,NA
NA,NA,NA,NA
NA,NA,NA,NA
NA,NA,NA,NA
NA,NA,NA,NA
NA,NA,NA,NA
NA,NA,NA,NA
NA,NA,NA,NA
NA,NA,NA,NA
NA,NA,NA,NA
NA,NA,NA,NA
NA,NA,NA,NA
NA,NA,NA,NA
NA,NA,NA,NA
NA,NA,NA,NA
NA,NA,NA,NA
NA,NA,NA,NA
NA,NA,NA,NA
NA,NA,NA,NA
NA,NA,NA,NA
NA,NA,NA,NA
NA,NA,NA,NA
NA,NA,NA,NA
NA,NA,NA,NA
NA,NA,NA,NA
NA,NA,NA,NA
NA,NA,NA,NA
NA,NA,NA,NA
NA,NA,NA,NA
NA,NA,NA,NA
NA,NA,NA,NA
NA,NA,NA,NA
NA,NA,NA,NA
NA,NA,NA,NA
NA,NA,NA,NA
NA,NA,NA,NA
NA,NA,NA,NA
NA,NA,NA,NA
NA,NA,NA,NA
NA,NA,NA,NA
NA,NA,NA,NA
NA,NA,NA,NA
NA,NA,NA,NA
NA,NA,NA,NA
NA,NA,NA,NA
NA,NA,NA,NA
NA,NA,NA,NA
NA,NA,NA,NA
NA,NA,NA,NA
NA,NA,NA,NA
NA,NA,NA,NA
NA,NA,NA,NA
NA,NA,NA,NA
NA,NA,NA,NA
NA,NA,NA,NA
NA,NA,NA,NA
NA,NA,NA,NA
NA,NA,NA,NA
NA,NA,NA,NA
NA,NA,NA,NA
NA,NA,NA,NA
NA,NA,NA,NA
NA,NA,NA,NA
NA,NA,NA,NA
NA,NA,NA,NA
NA,NA,NA,NA
NA,NA,NA,NA
NA,NA,NA,NA
NA,NA,NA,NA
NA,NA,NA,NA
NA,NA,NA,NA
NA,NA,NA,NA
NA,NA,NA,NA
NA,NA,NA,NA
NA,NA,NA,NA
NA,NA,NA,NA
NA,NA,NA,NA
NA,NA,NA,NA
NA,NA,NA,NA
NA,NA,NA,NA
NA,NA,NA,NA
NA,NA,NA,NA
NA,NA,NA,NA
NA,NA,NA,NA
NA,NA,NA,NA
NA,NA,NA,NA
NA,NA,NA,NA
NA,NA,NA,NA
NA,NA,NA,NA
NA,NA,NA,NA
NA,NA,NA,NA
NA,NA,NA,NA
NA,NA,NA,NA
NA,NA,NA,NA
NA,NA,NA,NA
NA,NA,NA,NA
NA,NA,NA,NA
NA,NA,NA,NA
NA,NA,NA,NA
NA,NA,NA,NA
NA,NA,NA,NA
NA,NA,NA,NA
NA,NA,NA,NA
NA,NA,NA,NA
NA,NA,NA,NA
NA,NA,NA,NA
NA,NA,NA,NA
NA,NA,NA,NA
NA,NA,NA,NA
NA,NA,NA,NA
NA,NA,NA,NA
NA,NA,NA,NA
NA,NA,NA,NA
NA,NA,NA,NA
NA,NA,NA,NA
NA,NA,NA,NA
NA,NA,NA,NA
NA,NA,NA,NA
NA,NA,NA,NA
NA,NA,NA,NA
NA,NA,NA,NA
NA,NA,NA,NA
NA,NA,NA,NA
NA,NA,NA,NA
NA,NA,NA,NA
NA,NA,NA,NA
NA,NA,NA,NA
NA,NA,NA,NA
NA,NA,NA,NA
NA,NA,NA,NA
NA,NA,NA,NA
NA,NA,NA,NA
NA,NA,NA,NA
NA,NA,NA,NA
NA,NA,NA,NA
NA,NA,NA,NA
NA,NA,NA,NA
NA,NA,NA,NA
NA,NA,NA,NA
NA,NA,NA,NA
NA,NA,NA,NA
NA,NA,NA,NA
NA,NA,NA,NA
NA,NA,NA,NA
NA,NA,NA,NA
NA,NA,NA,NA
NA,NA,NA,NA
NA,NA,NA,NA
NA,NA,NA,NA
NA,NA,NA,NA
NA,NA,NA,NA
NA,NA,NA,NA
NA,NA,NA,NA
NA,NA,NA,NA
NA,NA,NA,NA
NA,NA,NA,NA
NA,NA,NA,NA
NA,NA,NA,NA
NA,NA,NA,NA
NA,NA,NA,NA
NA,NA,NA,NA
NA,NA,NA,NA
NA,NA,NA,NA
NA,NA,NA,NA
NA,NA,NA,NA
NA,NA,NA,NA
NA,NA,NA,NA
NA,NA,NA,NA
NA,NA,NA,NA
NA,NA,NA,NA
NA,NA,NA,NA
NA,NA,NA,NA
NA,NA,NA,NA
NA,NA,NA,NA
NA,NA,NA,NA
NA,NA,NA,NA
NA,NA,NA,NA
NA,NA,NA,NA
NA,NA,NA,NA
NA,NA,NA,NA
NA,NA,NA,NA
NA,NA,NA,NA
NA,NA,NA,NA
NA,NA,NA,NA
NA,NA,NA,NA
NA,NA,NA,NA
NA,NA,NA,NA
NA,NA,NA,NA
NA,NA,NA,NA
NA,NA,NA,NA
NA,NA,NA,NA
NA,NA,NA,NA
NA,NA,NA,NA
NA,NA,NA,NA
NA,NA,NA,NA
NA,NA,NA,NA
NA,NA,NA,NA
NA,NA,NA,NA
NA,NA,NA,NA
NA,NA,NA,NA
NA,NA,NA,NA
NA,NA,NA,NA
NA,NA,NA,NA
NA,NA,NA,NA
NA,NA,NA,NA
NA,NA,NA,NA
NA,NA,NA,NA
NA,NA,NA,NA
NA,NA,NA,NA
NA,NA,NA,NA
NA,NA,NA,NA
NA,NA,NA,NA
NA,NA,NA,NA
NA,NA,NA,NA
NA,NA,NA,NA
NA,NA,NA,NA
NA,NA,NA,NA
NA,NA,NA,NA
NA,NA,NA,NA
NA,NA,NA,NA
NA,NA,NA,NA
NA,NA,NA,NA
NA,NA,NA,NA
NA,NA,NA,NA
NA,NA,NA,NA
NA,NA,NA,NA
NA,NA,NA,NA
NA,NA,NA,NA
NA,NA,NA,NA
NA,NA,NA,NA
NA,NA,NA,NA
NA,NA,NA,NA
NA,NA,NA,NA
NA,NA,NA,NA
NA,NA,NA,NA
NA,NA,NA,NA
NA,NA,NA,NA
NA,NA,NA,NA
NA,NA,NA,NA
NA,NA,NA,NA
NA,NA,NA,NA
NA,NA,NA,NA
NA,NA,NA,NA
NA,NA,NA,NA
NA,NA,NA,NA
NA,NA,NA,NA
NA,NA,NA,NA
NA,NA,NA,NA
NA,NA,NA,NA
NA,NA,NA,NA
NA,NA,NA,NA
NA,NA,NA,NA
NA,NA,NA,NA
NA,NA,NA,NA
NA,NA,NA,NA
NA,NA,NA,NA
NA,NA,NA,NA
NA,NA,NA,NA
NA,NA,NA,NA
NA,NA,NA,NA
NA,NA,NA,NA
NA,NA,NA,NA
NA,NA,NA,NA
NA,NA,NA,NA
NA,NA,NA,NA
NA,NA,NA,NA
NA,NA,NA,NA
NA,NA,NA,NA
NA,NA,NA,NA
NA,NA,NA,NA
NA,NA,NA,NA
NA,NA,NA,NA
NA,NA,NA,NA
NA,NA,NA,NA
NA,NA,NA,NA
NA,NA,NA,NA
NA,NA,NA,NA
NA,NA,NA,NA
NA,NA,NA,NA
NA,NA,NA,NA
NA,NA,NA,NA
NA,NA,NA,NA
NA,NA,NA,NA
NA,NA,NA,NA
NA,NA,NA,NA
NA,NA,NA,NA
NA,NA,NA,NA
NA,NA,NA,NA
NA,NA,NA,NA
NA,NA,NA,NA
NA,NA,NA,NA
NA,NA,NA,NA
NA,NA,NA,NA
NA,NA,NA,NA
NA,NA,NA,NA
NA,NA,NA,NA
NA,NA,NA,NA
NA,NA,NA,NA
NA,NA,NA,NA
NA,NA,NA,NA
NA,NA,NA,NA
NA,NA,NA,NA
NA,NA,NA,NA
NA,NA,NA,NA
NA,NA,NA,NA
NA,NA,NA,NA
NA,NA,NA,NA
NA,NA,NA,NA
NA,NA,NA,NA
NA,NA,NA,NA
NA,NA,NA,NA
NA,NA,NA,NA
NA,NA,NA,NA
NA,NA,NA,NA
NA,NA,NA,NA
NA,NA,NA,NA
NA,NA,NA,NA
NA,NA,NA,NA
NA,NA,NA,NA
NA,NA,NA,NA
NA,NA,NA,NA
NA,NA,NA,NA
NA,NA,NA,NA
NA,NA,NA,NA
NA,NA,NA,NA
NA,NA,NA,NA
NA,NA,NA,NA
NA,NA,NA,NA
NA,NA,NA,NA
NA,NA,NA,NA
NA,NA,NA,NA
NA,NA,NA,NA
NA,NA,NA,NA
NA,NA,NA,NA
NA,NA,NA,NA
NA,NA,NA,NA
NA,NA,NA,NA
NA,NA,NA,NA
NA,NA,NA,NA
NA,NA,NA,NA
NA,NA,NA,NA
NA,NA,NA,NA
NA,NA,NA,NA
NA,NA,NA,NA
NA,NA,NA,NA
NA,NA,NA,NA
NA,NA,NA,NA
NA,NA,NA,NA
NA,NA,NA,NA
NA,NA,NA,NA
NA,NA,NA,NA
NA,NA,NA,NA
NA,NA,NA,NA
NA,NA,NA,NA
NA,NA,NA,NA
NA,NA,NA,NA
NA,NA,NA,NA
NA,NA,NA,NA
NA,NA,NA,NA
NA,NA,NA,NA
NA,NA,NA,NA
NA,NA,NA,NA
NA,NA,NA,NA
NA,NA,NA,NA
NA,NA,NA,NA
NA,NA,NA,NA
NA,NA,NA,NA
NA,NA,NA,NA
NA,NA,NA,NA
NA,NA,NA,NA
NA,NA,NA,NA
NA,NA,NA,NA
NA,NA,NA,NA
NA,NA,NA,NA
NA,NA,NA,NA
NA,NA,NA,NA
NA,NA,NA,NA
NA,NA,NA,NA
NA,NA,NA,NA
NA,NA,NA,NA
NA,NA,NA,NA
NA,NA,NA,NA
NA,NA,NA,NA
NA,NA,NA,NA
NA,NA,NA,NA
NA,NA,NA,NA
NA,NA,NA,NA
NA,NA,NA,NA
NA,NA,NA,NA
NA,NA,NA,NA
NA,NA,NA,NA
NA,NA,NA,NA
NA,NA,NA,NA
NA,NA,NA,NA
NA,NA,NA,NA
NA,NA,NA,NA
NA,NA,NA,NA
NA,NA,NA,NA
NA,NA,NA,NA
NA,NA,NA,NA
NA,NA,NA,NA
NA,NA,NA,NA
NA,NA,NA,NA
NA,NA,NA,NA
NA,NA,NA,NA
NA,NA,NA,NA
NA,NA,NA,NA
NA,NA,NA,NA
NA,NA,NA,NA
NA,NA,NA,NA
NA,NA,NA,NA
NA,NA,NA,NA
NA,NA,NA,NA
NA,NA,NA,NA
NA,NA,NA,NA
NA,NA,NA,NA
NA,NA,NA,NA
NA,NA,NA,NA
NA,NA,NA,NA
NA,NA,NA,NA
NA,NA,NA,NA
NA,NA,NA,NA
NA,NA,NA,NA
NA,NA,NA,NA
NA,NA,NA,NA
NA,NA,NA,NA
NA,NA,NA,NA
NA,NA,NA,NA
NA,NA,NA,NA
NA,NA,NA,NA
NA,NA,NA,NA
NA,NA,NA,NA
NA,NA,NA,NA
NA,NA,NA,NA
NA,NA,NA,NA
NA,NA,NA,NA
NA,NA,NA,NA
NA,NA,NA,NA
NA,NA,NA,NA
NA,NA,NA,NA
NA,NA,NA,NA
NA,NA,NA,NA
NA,NA,NA,NA
NA,NA,NA,NA
NA,NA,NA,NA
NA,NA,NA,NA
NA,NA,NA,NA
NA,NA,NA,NA
NA,NA,NA,NA
NA,NA,NA,NA
NA,NA,NA,NA
NA,NA,NA,NA
NA,NA,NA,NA
NA,NA,NA,NA
NA,NA,NA,NA
NA,NA,NA,NA
NA,NA,NA,NA
NA,NA,NA,NA
NA,NA,NA,NA
NA,NA,NA,NA
NA,NA,NA,NA
NA,NA,NA,NA
NA,NA,NA,NA
NA,NA,NA,NA
NA,NA,NA,NA
NA,NA,NA,NA
NA,NA,NA,NA
NA,NA,NA,NA
NA,NA,NA,NA
NA,NA,NA,NA
NA,NA,NA,NA
NA,NA,NA,NA
NA,NA,NA,NA
NA,NA,NA,NA
NA,NA,NA,NA
NA,NA,NA,NA
NA,NA,NA,NA
NA,NA,NA,NA
NA,NA,NA,NA
NA,NA,NA,NA
NA,NA,NA,NA
NA,NA,NA,NA
NA,NA,NA,NA
NA,NA,NA,NA
NA,NA,NA,NA
NA,NA,NA,NA
NA,NA,NA,NA
NA,NA,NA,NA
NA,NA,NA,NA
NA,NA,NA,NA
NA,NA,NA,NA
NA,NA,NA,NA
NA,NA,NA,NA
NA,NA,NA,NA
NA,NA,NA,NA
NA,NA,NA,NA
NA,NA,NA,NA
NA,NA,NA,NA
NA,NA,NA,NA
NA,NA,NA,NA
NA,NA,NA,NA
NA,NA,NA,NA
NA,NA,NA,NA
